<?xml version="1.0" encoding="utf-8"?>
<odoo>
    <data noupdate="1">

        <record id="payment.payment_acquirer_ecpay" model="payment.acquirer">
            <field name="name">Ecpay</field>
            <field name="image" type="base64" file="payment_ecpay/static/src/img/ecpay_icon.png"/>
            <field name="provider">ecpay</field>
            <field name="company_id" ref="base.main_company"/>
            <field name="view_template_id" ref="ecpay_form"/>
            <field name="environment">test</field>
            <field name="pre_msg"><![CDATA[
<p>按下付款按鈕後, 您將會被引導到綠界付款頁面</p>]]></field>
            <field name="MerchantID">2000132</field>
            <field name="HashKey">5294y06JbISpM5x9</field>
            <field name="HashIV">v77hoKGq4kWxNNIS</field>
        </record>

    </data>
</odoo>
